{
    "_Validator:": "These Messages for Validator library",
    "accepted": "The :attr must be accepted",
    "after": "The :attr must be a date after :date",
    "alpha": "The :attr may only contain letters",
    "alpha_dash": "The :attr may only contain letters, numbers, and dashes",
    "alpha_num": "The :attr may only contain letters and numbers",
    "array": "The :attr must be an array",
    "before": "The :attr must be a date before :date",
    "between": {
        "numeric": "The :attr must be between :min and :max",
        "file": "The :attr must be between :min and :max kilobytes",
        "string": "The :attr must be between :min and :max characters",
        "array": "The :attr must have between :min and :max items"
    },
    "boolean": "The :attr field must be true or false",
    "confirmed": "The :attr confirmation does not match",
    "date": "The :attr is not a valid date",
    "date_format": "The :attr does not match the format :format",
    "different": "The :attr and :other must be different",
    "digits": "The :attr must be :digits digits",
    "digits_between": "The :attr must be between :min and :max digits",
    "email": "The :attr must be a valid email address",
    "exists": "The selected :attr is invalid",
    "filled": "The :attr field is required",
    "image": "The :attr must be an image",
    "in": "The selected :attr is invalid",
    "integer": "The :attr must be an integer",
    "ip": "The :attr must be a valid IP address",
    "json": "The :attr must be a valid JSON string",
    "max": {
        "numeric": "The :attr may not be greater than :max",
        "file": "The :attr may not be greater than :max kilobytes",
        "string": "The :attr may not be greater than :max characters",
        "array": "The :attr may not have more than :max items"
    },
    "mimes": "The :attr must be a file of type: :values",
    "min": {
        "numeric": "The :attr must be at least :min",
        "file": "The :attr must be at least :min kilobytes",
        "string": "The :attr must be at least :min characters",
        "array": "The :attr must have at least :min items"
    },
    "not_in": "The selected :attr is invalid",
    "numeric": "The :attr must be a number",
    "regex": "The :attr format is invalid",
    "required": "The :attr field is required",
    "required_if": "The :attr field is required when :other is :value",
    "required_unless": "The :attr field is required unless :other is in :values",
    "required_with": "The :attr field is required when :values is present",
    "required_with_all": "The :attr field is required when :values is present",
    "required_without": "The :attr field is required when :values is not present",
    "required_without_all": "The :attr field is required when none of :values are present",
    "same": "The :attr and :other must match",
    "size": {
        "numeric": "The :attr must be :size",
        "file": "The :attr must be :size kilobytes",
        "string": "The :attr must be :size characters",
        "array": "The :attr must contain :size item"
    },
    "string": "The :attr must be a string",
    "url": "The :attr format is invalid",

    "common_msg": "REST API KEY MESSAGES",
    "text_rest_required_api_key": "Required API key",
    "text_rest_invalid_api_key": "Invalid API key",
    "text_rest_invalid_credentials": "Invalid credentials",
    "text_rest_ip_denied": "IP denied",
    "text_rest_ip_unauthorized": "IP unauthorized",
    "text_rest_unauthorized": "Unauthorized",
    "text_rest_ajax_only": "Only AJAX requests are allowed",
    "text_rest_api_key_unauthorized": "This API key does not have access to the requested controller",
    "text_rest_api_key_permissions": "This API key does not have enough permissions",
    "text_rest_api_key_time_limit": "This API key has reached the time limit for this method",
    "text_rest_unknown_method": "Unknown method",
    "text_rest_required_token": "Required Token",
    "text_rest_tokeninvalid": "Invalid Token",

    "user_msg": "User Messages",
    "unique_unsuccess": "Sorry! {val} is already registered",
    "text_signup_unsuccess": "You need to signup!",
    "unique_success": "Unique params is provided",
    "signin_success": "Sign in successfully",
    "signup_otp_send": "Verification code has been sent on your registered {field}.",
    "otp_not_send": "Please enter correct mobile number",
    "text_sql_err": "Error occured, try after some time.",
    "something_wrong": "something wrong",
    "text_otp_sent_fails": "Sorry! The sms could not be sent",
    "text_verify_otp_success": "Yes! your verification code is verify",
    "text_invalid_otp": "Oops.. you entered wrong otp, please try again.",
    "text_user_is_available": "{field} is available",
    "text_user_signup_success": "You have successfully signed up",
    "signup_unsuccess": "Registered unsuccessfully",
    "text_user_login_success": "Login successfully",
    "text_user_insert_err": "Error in creating user",
    "text_user_detail": "User detail",
    "text_user_not_found": "No user found",
    "text_user_edit_profile_success": "Profile has been updated successfully",
    "text_user_edit_profile_fail": "Error in updating profile",
    "text_user_change_password_success": "Your password changed successfully",
    "text_old_new_password_same": "Old password and new password can not be same.",
    "text_new_confirm_password_not_match": "New password and confirm password is not match.",
    "text_user_change_password_fail": "Old password is incorrect",
    "text_user_forgot_password_fail": "The email you have entered is not associated with any account",
    "text_user_forgot_password_role": "Sorry! You can not reset your password as you have registered with facebook",
    "text_user_login_inactive": "Sorry, your account is suspended. please contact support",
    "text_user_login_unverify": "Your account has been unverify. Contact admin to verify the account",
    "text_user_login_deleted": "Your account has been deleted. please new account register.",
    "text_user_forgot_password_success": "New password has been sent to your registered email",
    "text_user_email_register_with_social": "Sorry! This email was registered with your Facebook/Google/Apple account",
    "text_user_login_fail": "Please enter correct details to sign-in",
    "signup_with_social": "Your have registered with social account, please use same to login.",
    "text_user_social_id_not_registered_yet": "Your Social ID is not registered",
    "text_user_login_new": "this mobile number is not registered",
    "text_user_location_updated_success": "Location information updated successfull",
    "device_info_not_update": "Device information updated unsuccessfull",
    "text_user_contactus_success": "Your inquiry submitted successfully",
    "text_user_contactus_fails": "Your inquiry submit fails",
    "text_edit_speak_language_success": "Speak language updated",
    "text_empty_list": "Empty list",
    "text_user_list": "User list",
    "text_user_delete": "User deleted successfully.",
    "text_user_logout": "Logout",
    "text_user_login_password_fail": "Please enter correct password",
    "get_profile_data": "Profile get successfully",
    "get_no_profile_data": "Profile not get",
    "text_user_region_success": "Region set successfully",

    "list_api_msg": "List Msg",
    "text_basic_profession_data": "Basic profession list data",
    "text_basic_profession_empty": "Basic profession list empty",

    "address_api_msg": "Address msg",
    "text_user_add_address_success": "Address added successfully",
    "text_user_add_address_fails": "Your address details submit fails",
    "text_user_address_update": "Address updated successfully",
    "text_user_edit_address_fails": "Address not updated",
    "text_user_address_list_found": "Address list found",
    "text_user_address_list_not_found": "Address list not found",
    "text_user_address_deleted": "Address deleted successfully",
    "text_user_address_delete_fails": "Address deleting fails",
    "text_user_default_address_su": "Default address get successfully",
    "text_user_default_address_un": "Default address not found",
    "text_user_set_default_address_su": "Default address set successfully",
    "text_user_unset_default_address_un": "Default address not set found",

    "service_api_msg": "Service msg",
    "text_user_add_service_success": "Service & price added successfully",
    "text_user_add_service_fails": "Your service & price details submit fails",
    "text_user_edit_service_success": "Service & price updated successfully",
    "text_user_edit_service_fails": "Service & price updated fail",
    "text_user_service_price_deleted": "Service & price deleted successfully",
    "text_user_service_price_delete_fails": "Service & price deleting fails",
    "text_user_service_deleted": "Service & price deleted successfully",
    "text_user_service_delete_fails": "Service & price deleting fails",
    "text_service_provider_not_available": "Service provider aren't available",
    "text_service_provider_profile_not_found": "Service provider profile not get",
    "text_service_added_su": "Service added successfully",
    "text_add_service_fails": "Your service details submit fails",
    "text_service_filter_added_su": "Service filter added successfully",
    "text_service_filter_added_fail": "Your service filter submit fails",
    "text_service_found": "Manage service list",
    "text_service_no_found": "No service found",
    "text_provider_inactive": "sorry! this professionals account is under review, kindly proceed with different professional",
    "text_provider_service_not_provide": "currently provider not providing {service_name} service",

    "other_api_msg": "Other Details msg",
    "text_user_other_detail_success": "Other details updated successfully",
    "text_user_other_detail_fails": "Other details updated fail",

    "document_api_msg": "Document Details msg",
    "text_user_document_success": "Document updated successfully",
    "text_user_document_fails": "Document updated fail",

    "bank_api_msg": "Bank Details msg",
    "text_user_bank_add_success": "Bank added successfully",
    "text_user_bank_update_success": "Bank updated successfully",
    "text_user_bank_fails": "Bank fail",
    "text_user_bank_list_found": "Bank list",
    "text_user_bank_list_not_found": "Bank list not found",

    "card_api_msg": "Card msg",
    "text_user_add_card_success": "Card added successfully",
    "text_user_add_card_fails": "Your card details submit fails",
    "text_user_card_deleted": "Card deleted successfully",
    "text_user_card_delete_fails": "Card deleting fails",
    "text_user_card_list_found": "Card List",
    "text_user_card_list_not_found": "Card list not found",

    "cart_api_msg": "Cart msg",
    "text_add_to_cart_su": "Add to cart successfully",
    "text_add_to_cart_un": "Add to cart unsuccessfully",
    "text_get_cart_su": "Get cart successfully",
    "text_get_cart_un": "There is no service added to cart",
    "text_delete_cart_su": "Cart service deleted successfully",
    "text_delete_cart_un": "Cart service deleted unsuccessfully",

    "notification_api_msg": "Notification msg",
    "notification_list": "Notification list",
    "notification_list_not_found": "No new notification",
    "clear_notification": "Clear notification",

    "reason_api_msg": "Reason api msg",
    "text_reason_list": "Reason list .",
    "text_reason_list_not_found": "Reason list not found.",
    "rate_added_success": "Rating submitted successfuly",
    "rate_insert_err": "Error in submit rate",

    "offer_api_msg": "Offer api msg",
    "text_offer_su": "Offer {action} successfully",
    "text_offer_un": "Offer {action} unsuccessfully",
    "text_offer_unique": "Please enter unique name for promocode",
    "text_offer_list_not_found": "Offer no found",
    "text_offer_delete_su": "Offer removed successfully",
    "text_offer_delete_un": "Offer removed unsuccessfully",
    "text_offer_no_available": "No offer available",

    "availability_api_msg": "Availability api msg",
    "text_set_available_su": "Availability set successfully",
    "text_set_available_un": "Availability set unsuccessfully",
    "text_set_unavailable_su": "Unavailability set successfully",
    "text_set_unavailable_un": "Unavailability set unsuccessfully",
    "text_get_available_su": "Availability get successfully",
    "text_get_available_un": "You can't set selected date availability",

    "fav_unfav_api_msg": "Fav/Unfav api msg",
    "text_fav_unfav_su": "{field} successfully",
    "text_fav_unfav_un": "{field} unsuccessfully",

    "book_api_msg": "Book service api msg",
    "text_book_su": "Service booked successfully",
    "text_book_un": "Service booked unsuccessfully",
    "text_book_service_cancel_su": "Booking cancel successfully",
    "text_book_service_cancel_un": "Booking cancel unsuccessfully",
    "text_book_service_already": "Booking not cancel, because booking already cancelled",
    "text_book_service_not_cancel_un": "Booking not cancel, because booking {status}",
    "text_book_service_rechedule_su": "Booking rechedule successfully",
    "text_booking_experience_su": "Rate experience successfully",
    "text_booking_experience_un": "Rate experience unsuccessfully",
    "text_booking_report_issue_su": "Report issue successfully",
    "text_booking_report_issue_un": "Report issue unsuccessfully",
    "text_start_service_su": "Your service started successfully",
    "text_end_service_su": "Your service completed successfully",
    "text_start_end_service_un": "Please enter valid OTP",
    "text_service_action_su": "Your order {action} successfully",
    "text_service_action_already": "Your order already {action}",
    "text_service_action_un": "Your order {action} unsuccessfully",
    "text_additional_cost_su": "Additional cost added successfully",
    "text_additional_cost_un": "Additional cost added unsuccessfully",
    "text_provider_not_available": "Provider {provider_names} are not available",
    "text_past_order_no_found": "No past orders",
    "text_no_review_found": "No review found",
    "text_additional_cost_already": "Additional cost already {action}",
    "text_additional_cost_action_su": "Additional cost {action} successfully",
    "text_additional_cost_action_un": "Additional cost {action} unsuccessfully",
    "text_home_search_services_res": "Service is available",
    "text_home_search_services_not_res": "Service is not available",

    "staff_api_msg": "Staff api msg",
    "text_staff_su": "Staff {action} successfully",
    "text_staff_un": "Staff {action} unsuccessfully",
    "text_staff_list_found": "Staff list get successfully",
    "text_staff_list_not_found": "Staff list not get",
    "text_staff_inactive_su": "Staff inactive successfully",
    "text_staff_inactive_un": "Staff inactive unsuccessfully",

    "chat_api_msg": "Chat api msg",
    "no_data": "No data",
    "text_details_are": "Details are",
    "unread_msg": "{field} unread message",
    "text_chat_list_fail": "Fail Chat List Details",
    "text_audio_notification_body": "calling...",

    "push_notification_msg": "Push Notification Messages",
    "text_booking_not_accepted_title": "uh oh!",
    "text_booking_not_accepted_body": "our service partner seems busy! why don’t you try another service partner?",
    "text_booking_not_accepted_provider_title": "hi {sp_name}",
    "text_booking_not_accepted_provider_body": "you've missed accepting a booking request (order id {order_id})",
    "text_booking_not_accepted_main_provider_title": "hi",
    "text_booking_not_accepted_main_provider_body": "your staff member, ({name} - {staff_id}), has missed accepting the booking request (order id {order_id})",
    "text_place_booking_title": "hi {sp_name}",
    "text_place_booking_body": "congratulations! you've received a new booking request (order id {order_id})",
    "text_booking_accepted_title": "yayy! ",
    "text_booking_accepted_body": "service partner, {sp_name}, has confirmed your booking request",
    "text_booking_started_title": "yayy!",
    "text_booking_started_body": "your service has started! ",
    "text_booking_ended_title": "yayy! ",
    "text_booking_ended_body": "your service is completed!",
    "text_booking_cancelled_title": "hey!",
    "text_booking_cancelled_body": "your service is cancelled. can we help you with something else?",
    "text_booking_cancelled_provider_title": "uh oh!",
    "text_booking_cancelled_provider_body": "our service partner seems busy. they have cancelled your service.",
    "text_booking_cancelled_by_staff_title": "hi",
    "text_booking_cancelled_by_staff_body": "your staff member, ({name} - {staff_id}), has rejected the booking request (order id {order_id})",
    "text_booking_reschedule_title": "hi! ",
    "text_booking_reschedule_body": "we've sent your reschedule request to our service partner {sp_name}",
    "text_booking_additional_cost_accepted_title": "hi, {sp_name}",
    "text_booking_additional_cost_accepted_body": "the customer has accepted your request of additional amount of rs {rs}",
    "text_booking_additional_cost_rejected_title": "oops! {sp_name}",
    "text_booking_additional_cost_rejected_body": "the customer has rejected your request of additional amount of rs {rs}",
    "text_booking_additional_cost_added_title": "hi! ",
    "text_booking_additional_cost_added_body": "service partner,{sp_name}, has raised an additional amount for your service",
    "text_offer_live_title": "woah, {sp_name}",
    "text_offer_live_body": "your promotional offer is now live",
    "text_offer_end_reminder_title": "hi {sp_name}",
    "text_offer_end_reminder_body": "your promotional offer ends tomorrow. extend the date to attract more customers",
    "text_region_reminder_title": "hi {sp_name}",
    "text_region_reminder_body": "you forgot to set your service area. set it now to let customers in the area know about your services",
    "text_staff_add_title": "hi",
    "text_staff_add_body": "{name} - {staff_id} has been added",
    "text_booking_issue_title": "hi {sp_name}",
    "text_booking_issue_body": "an issue is raised for your service (order id {order_id})",
    "text_booking_issue_on_staff_title": "hi",
    "text_booking_issue_on_staff_body": "customer has raised an issue for (your staff member: {name} - {staff_id}), for service (order id {order_id})",
    "text_booking_experience_title": "uh oh, {sp_name}",
    "text_booking_experience_body": "you have received poor rating for your service (order id {order_id})",
    "text_offer_added_title": "woohoo! ",
    "text_offer_added_body": "your favorite service provider has got some exciting offers. go, check them out!",
    "text_today_total_service_title": "hi, {sp_name}",
    "text_today_total_service_body": "you have {total} services lined up for today",
    "text_booking_request_reminder_title": "hi {sp_name}",
    "text_booking_request_reminder_body": "your customer is waiting. confirm the booking request (order id {order_id})",
    "text_register_reminder_title": "hi {sp_name}",
    "text_register_reminder_body": "complete your registration now and start earning more!",
    "text_availability_not_set_reminder_title": "hi {sp_name}",
    "text_availability_not_set_reminder_body": "you forgot to set up your calendar. do it now, to help customers schedule your appointments",
    "text_rate_card_not_set_reminder_title": "hi {sp_name}",
    "text_rate_card_not_set_reminder_body": "you forgot to set up your rate card. do it now, to help customers know your rates",
    "text_register_complete_admin_approval_pending_title": "congratulations, {sp_name}!",
    "text_register_complete_admin_approval_pending_body": "you're now a part of the eassyserve family",
    "text_admin_approval_title": "congratulations, {sp_name}!",
    "text_admin_approval_body": "you're now a part of the eassyserve family",
    "text_category_added_title": "we're here with a good news, {sp_name}!",
    "text_category_added_body": "{service_name} service is added!",

    "End of json": "End of json"
}